{
  "swagger": "2.0",
  "info": {
    "title": "musicexplorer",
    "version": "1.0.0",
    "description": ""
  },
  "host": "localhost:3000",
  "basePath": "/",
  "schemes": [
    "http"
  ],
  "paths": {
    "/": {
      "get": {
        "description": "",
        "responses": {
          "200": {
            "description": "OK"
          }
        }
      }
    },
    "/login": {
      "post": {
        "description": "",
        "parameters": [
          {
            "name": "body",
            "in": "body",
            "schema": {
              "type": "object",
              "properties": {
                "email": {
                  "example": "any"
                },
                "password": {
                  "example": "any"
                }
              }
            }
          }
        ],
        "responses": {
          "200": {
            "description": "OK"
          },
          "400": {
            "description": "Bad Request"
          }
        }
      }
    },
    "/register": {
      "post": {
        "description": "",
        "parameters": [
          {
            "name": "body",
            "in": "body",
            "schema": {
              "type": "object",
              "properties": {
                "email": {
                  "example": "any"
                },
                "username": {
                  "example": "any"
                },
                "password": {
                  "example": "any"
                },
                "artisti": {
                  "example": "any"
                },
                "generi": {
                  "example": "any"
                }
              }
            }
          }
        ],
        "responses": {
          "200": {
            "description": "OK"
          },
          "400": {
            "description": "Bad Request"
          }
        }
      }
    },
    "/utente/": {
      "get": {
        "description": "",
        "parameters": [
          {
            "name": "apikey",
            "in": "query",
            "type": "string"
          }
        ],
        "responses": {
          "200": {
            "description": "OK"
          },
          "401": {
            "description": "Unauthorized"
          }
        }
      }
    },
    "/utente/new_playlist": {
      "post": {
        "description": "",
        "parameters": [
          {
            "name": "apikey",
            "in": "query",
            "type": "string"
          },
          {
            "name": "body",
            "in": "body",
            "schema": {
              "type": "object",
              "properties": {
                "name": {
                  "example": "any"
                },
                "userid": {
                  "example": "any"
                },
                "tags": {
                  "example": "any"
                },
                "public": {
                  "example": "any"
                }
              }
            }
          }
        ],
        "responses": {
          "200": {
            "description": "OK"
          },
          "400": {
            "description": "Bad Request"
          },
          "401": {
            "description": "Unauthorized"
          }
        }
      }
    },
    "/utente/get_playlists": {
      "get": {
        "description": "",
        "parameters": [
          {
            "name": "apikey",
            "in": "query",
            "type": "string"
          },
          {
            "name": "userid",
            "in": "query",
            "type": "string"
          }
        ],
        "responses": {
          "200": {
            "description": "OK"
          },
          "400": {
            "description": "Bad Request"
          },
          "401": {
            "description": "Unauthorized"
          }
        }
      }
    },
    "/utente/mostra_playlist": {
      "get": {
        "description": "",
        "parameters": [
          {
            "name": "apikey",
            "in": "query",
            "type": "string"
          },
          {
            "name": "id",
            "in": "query",
            "type": "string"
          }
        ],
        "responses": {
          "200": {
            "description": "OK"
          },
          "400": {
            "description": "Bad Request"
          },
          "401": {
            "description": "Unauthorized"
          }
        }
      }
    },
    "/utente/modifica_playlist": {
      "post": {
        "description": "",
        "parameters": [
          {
            "name": "apikey",
            "in": "query",
            "type": "string"
          },
          {
            "name": "body",
            "in": "body",
            "schema": {
              "type": "object",
              "properties": {
                "name": {
                  "example": "any"
                },
                "tags": {
                  "example": "any"
                },
                "playlistid": {
                  "example": "any"
                },
                "public": {
                  "example": "any"
                }
              }
            }
          }
        ],
        "responses": {
          "200": {
            "description": "OK"
          },
          "400": {
            "description": "Bad Request"
          },
          "401": {
            "description": "Unauthorized"
          }
        }
      }
    },
    "/utente/elimina_playlist": {
      "delete": {
        "description": "",
        "parameters": [
          {
            "name": "apikey",
            "in": "query",
            "type": "string"
          },
          {
            "name": "id",
            "in": "query",
            "type": "string"
          }
        ],
        "responses": {
          "200": {
            "description": "OK"
          },
          "400": {
            "description": "Bad Request"
          },
          "401": {
            "description": "Unauthorized"
          }
        }
      }
    },
    "/utente/elimina_song_from_playlist": {
      "delete": {
        "description": "",
        "parameters": [
          {
            "name": "apikey",
            "in": "query",
            "type": "string"
          },
          {
            "name": "playlistid",
            "in": "query",
            "type": "string"
          },
          {
            "name": "name",
            "in": "query",
            "type": "string"
          }
        ],
        "responses": {
          "200": {
            "description": "OK"
          },
          "400": {
            "description": "Bad Request"
          },
          "401": {
            "description": "Unauthorized"
          }
        }
      }
    },
    "/utente/add_song_to_playlist": {
      "post": {
        "description": "",
        "parameters": [
          {
            "name": "apikey",
            "in": "query",
            "type": "string"
          },
          {
            "name": "body",
            "in": "body",
            "schema": {
              "type": "object",
              "properties": {
                "playlistid": {
                  "example": "any"
                },
                "name": {
                  "example": "any"
                },
                "artist": {
                  "example": "any"
                },
                "url": {
                  "example": "any"
                },
                "image": {
                  "example": "any"
                }
              }
            }
          }
        ],
        "responses": {
          "200": {
            "description": "OK"
          },
          "400": {
            "description": "Bad Request"
          },
          "401": {
            "description": "Unauthorized"
          }
        }
      }
    },
    "/utente/change_info": {
      "post": {
        "description": "",
        "parameters": [
          {
            "name": "apikey",
            "in": "query",
            "type": "string"
          },
          {
            "name": "body",
            "in": "body",
            "schema": {
              "type": "object",
              "properties": {
                "email": {
                  "example": "any"
                },
                "username": {
                  "example": "any"
                },
                "password": {
                  "example": "any"
                },
                "favourite_genre": {
                  "example": "any"
                },
                "favourite_artist": {
                  "example": "any"
                },
                "id": {
                  "example": "any"
                }
              }
            }
          }
        ],
        "responses": {
          "200": {
            "description": "OK"
          },
          "400": {
            "description": "Bad Request"
          },
          "401": {
            "description": "Unauthorized"
          }
        }
      }
    },
    "/utente/get_others_playlists": {
      "get": {
        "description": "",
        "parameters": [
          {
            "name": "apikey",
            "in": "query",
            "type": "string"
          },
          {
            "name": "userid",
            "in": "query",
            "type": "string"
          }
        ],
        "responses": {
          "200": {
            "description": "OK"
          },
          "400": {
            "description": "Bad Request"
          },
          "401": {
            "description": "Unauthorized"
          }
        }
      }
    },
    "/utente/dup_playlist": {
      "get": {
        "description": "",
        "parameters": [
          {
            "name": "apikey",
            "in": "query",
            "type": "string"
          },
          {
            "name": "id",
            "in": "query",
            "type": "string"
          },
          {
            "name": "playlistId",
            "in": "query",
            "type": "string"
          }
        ],
        "responses": {
          "200": {
            "description": "OK"
          },
          "400": {
            "description": "Bad Request"
          },
          "401": {
            "description": "Unauthorized"
          }
        }
      }
    },
    "/spotifyapi/search": {
      "get": {
        "description": "",
        "parameters": [
          {
            "name": "apikey",
            "in": "query",
            "type": "string"
          },
          {
            "name": "title",
            "in": "query",
            "type": "string"
          }
        ],
        "responses": {
          "200": {
            "description": "OK"
          },
          "401": {
            "description": "Unauthorized"
          }
        }
      }
    },
    "/spotifyapi/top/{howmany}": {
      "get": {
        "description": "",
        "parameters": [
          {
            "name": "howmany",
            "in": "path",
            "required": true,
            "type": "string"
          },
          {
            "name": "apikey",
            "in": "query",
            "type": "string"
          }
        ],
        "responses": {
          "200": {
            "description": "OK"
          },
          "401": {
            "description": "Unauthorized"
          }
        }
      }
    }
  }
}